LengthofCycle,LengthofMenses,FinalCluster
29,5.0,1
27,5.0,1
29,5.0,1
27,5.0,1
28,5.0,1
26,5.0,1
29,5.0,1
24,4.0,1
28,6.0,0
28,5.0,1
26,5.0,1
29,5.0,1
27,6.0,0
28,5.0,1
30,4.0,1
28,5.0,1
26,5.0,1
26,5.0,1
24,4.0,1
27,5.0,1
28,4.0,1
26,4.0,1
27,4.0,1
27,4.0,1
25,4.0,1
32,4.0,1
27,4.0,1
29,5.0,1
26,5.0,1
27,4.0,1
28,4.0,1
31,4.0,1
27,4.0,1
27,4.0,1
28,4.0,1
27,4.0,1
26,4.0,1
28,4.0,1
28,4.0,1
24,4.0,1
26,4.0,1
27,4.0,1
28,4.0,1
27,4.0,1
28,5.0,1
28,4.0,1
34,5.0,2
29,7.0,0
23,7.0,0
27,6.0,0
28,4.0,1
27,5.0,1
25,6.0,0
25,5.0,1
29,5.0,1
29,4.0,1
28,5.0,1
24,4.0,1
25,5.0,1
27,4.0,1
24,4.0,1
28,5.0,1
30,5.0,1
29,5.0,1
26,5.0,1
31,5.0,1
27,4.0,1
29,4.0,1
34,4.0,2
27,4.0,1
28,5.0,1
29,5.0,1
27,5.0,1
27,7.0,0
31,6.0,0
27,6.0,0
28,5.0,1
27,5.0,1
27,5.0,1
27,5.0,1
25,5.0,1
24,5.0,1
18,5.0,1
26,5.0,1
24,5.0,1
27,6.0,0
26,6.0,0
24,4.0,1
26,5.0,1
25,5.0,1
30,10.0,0
26,5.0,1
27,6.0,0
28,5.0,1
30,5.0,1
29,5.0,1
29,5.0,1
26,6.0,0
25,6.0,0
29,6.0,0
23,5.0,1
26,6.0,0
25,6.0,0
30,5.0,1
27,6.0,0
26,6.0,0
30,6.0,0
23,6.0,0
23,6.0,0
29,5.0,1
28,5.0,1
27,6.0,0
27,5.0,1
28,7.0,0
27,6.0,0
27,6.0,0
29,5.0,1
28,6.0,0
27,5.0,1
26,4.0,1
28,5.0,1
25,4.0,1
27,5.0,1
33,6.0,2
33,6.0,2
30,7.0,0
28,5.0,1
31,6.0,0
35,6.0,2
33,5.0,2
31,6.0,0
32,5.0,2
41,6.0,2
38,7.0,2
29,7.0,0
34,6.0,2
33,5.0,2
33,5.0,2
33,5.0,2
34,5.0,2
33,6.0,2
30,5.0,1
29,4.0,1
28,5.0,1
29,6.0,0
30,5.0,1
28,4.0,1
29,5.0,1
30,5.0,1
29,3.0,1
30,6.0,0
32,6.0,0
31,6.0,0
30,5.0,1
32,6.0,0
31,5.0,1
30,6.0,0
33,6.0,2
30,5.0,1
26,5.0,1
29,4.0,1
28,6.0,0
27,7.0,0
36,7.0,2
38,6.0,2
35,7.0,2
28,7.0,0
31,7.0,0
33,7.0,0
29,6.0,0
30,6.0,0
31,6.0,0
30,5.0,1
31,5.0,1
27,5.0,1
29,5.0,1
25,5.0,1
28,6.0,0
33,5.0,2
29,5.0,1
24,4.0,1
27,5.0,1
25,4.0,1
27,4.0,1
26,4.0,1
30,7.0,0
27,6.0,0
31,7.0,0
29,7.0,0
29,7.0,0
29,7.0,0
29,7.0,0
31,6.0,0
33,6.0,2
31,5.0,1
25,4.0,1
24,4.0,1
24,4.0,1
27,4.0,1
26,4.0,1
28,4.0,1
24,4.0,1
27,4.0,1
25,4.0,1
23,3.0,1
25,4.0,1
23,4.0,1
26,4.0,1
27,5.0,1
27,6.0,0
32,5.0,2
32,6.0,0
32,6.0,0
27,4.0,1
30,4.0,1
32,5.0,2
28,4.0,1
29,4.0,1
30,8.0,0
32,5.0,2
29,6.0,0
26,5.0,1
31,5.0,1
24,4.0,1
26,5.0,1
30,5.0,1
25,6.0,0
26,5.0,1
28,6.0,0
33,5.0,2
29,5.0,1
30,6.0,0
29,6.0,0
29,7.0,0
28,6.0,0
29,5.0,1
27,7.0,0
29,7.0,0
27,6.0,0
30,6.0,0
28,7.0,0
30,6.0,0
29,7.0,0
32,5.0,2
27,6.0,0
28,6.0,0
27,5.0,1
26,6.0,0
27,6.0,0
29,5.0,1
25,5.0,1
25,5.0,1
29,6.0,0
31,6.0,0
26,5.0,1
27,6.0,0
35,6.0,2
27,6.0,0
29,5.0,1
31,4.0,1
31,7.0,0
31,5.0,1
31,5.0,1
30,4.0,1
30,6.0,0
31,6.0,0
31,6.0,0
27,6.0,0
33,7.0,0
29,8.0,0
25,5.0,1
27,5.0,1
25,4.0,1
24,5.0,1
28,6.0,0
26,5.0,1
26,5.0,1
26,4.0,1
29,3.0,1
28,4.0,1
28,4.0,1
28,3.0,1
27,3.0,1
26,4.0,1
27,3.0,1
27,4.0,1
27,4.0,1
28,4.0,1
27,4.0,1
28,4.0,1
27,4.0,1
26,4.0,1
28,3.0,1
28,4.0,1
30,4.0,1
31,4.0,1
28,4.0,1
27,4.0,1
27,4.0,1
29,4.0,1
28,4.0,1
29,4.0,1
28,4.0,1
25,4.0,1
28,4.0,1
28,4.0,1
25,5.0,1
26,5.0,1
26,5.0,1
26,5.0,1
24,4.0,1
25,5.0,1
25,4.0,1
25,5.0,1
25,5.0,1
25,5.0,1
27,4.0,1
24,4.0,1
25,5.0,1
27,4.0,1
27,4.0,1
25,4.0,1
39,5.0,2
31,7.0,0
37,7.0,2
33,7.0,0
36,6.0,2
37,7.0,2
32,8.0,0
35,6.0,2
28,8.0,0
37,7.0,2
40,7.0,2
37,7.0,2
31,8.0,0
30,7.0,0
33,8.0,0
35,5.0,2
30,5.0,1
27,4.0,1
29,4.0,1
30,5.0,1
26,4.0,1
35,5.0,2
28,4.0,1
36,5.0,2
29,4.0,1
36,4.0,2
33,4.0,2
28,4.0,1
27,4.0,1
30,4.0,1
32,4.0,1
30,4.0,1
30,3.0,1
32,3.0,1
40,4.0,2
27,4.0,1
29,3.0,1
28,4.0,1
29,4.0,1
36,4.0,2
27,4.0,1
28,4.0,1
27,3.0,1
26,4.0,1
28,4.0,1
27,4.0,1
25,4.0,1
25,4.0,1
25,4.0,1
25,4.0,1
21,4.0,1
26,5.0,1
23,4.0,1
25,4.0,1
25,3.0,1
26,4.0,1
31,5.0,1
29,3.0,1
28,3.0,1
27,3.0,1
31,4.0,1
30,3.0,1
25,3.0,1
28,3.0,1
30,4.0,1
28,2.0,1
26,3.0,1
30,3.0,1
27,3.0,1
32,5.0,2
30,5.0,1
27,5.0,1
29,5.0,1
27,5.0,1
27,4.0,1
28,5.0,1
27,5.0,1
28,5.0,1
28,4.0,1
29,3.0,1
30,3.0,1
24,4.0,1
30,4.0,1
25,4.0,1
48,6.0,2
32,5.0,2
31,6.0,0
31,6.0,0
34,5.0,2
34,6.0,2
38,6.0,2
28,5.0,1
36,6.0,2
35,6.0,2
39,5.0,2
41,5.0,2
31,6.0,0
31,7.0,0
32,5.0,2
29,5.0,1
25,5.0,1
26,4.0,1
26,5.0,1
28,4.0,1
26,5.0,1
26,5.0,1
29,5.0,1
29,4.0,1
30,4.0,1
31,4.0,1
26,4.0,1
26,5.0,1
28,3.0,1
26,3.0,1
28,4.0,1
26,3.0,1
28,3.0,1
29,3.0,1
26,2.0,1
26,3.0,1
35,2.0,2
26,3.0,1
28,4.0,1
26,2.0,1
25,2.0,1
26,6.0,0
25,5.0,1
27,5.0,1
24,4.0,1
26,5.0,1
27,4.0,1
28,5.0,1
28,4.0,1
24,5.0,1
28,4.0,1
26,3.0,1
26,5.0,1
28,4.0,1
29,4.0,1
31,4.0,1
27,5.0,1
30,4.0,1
26,5.0,1
29,4.0,1
29,4.0,1
29,4.0,1
36,4.0,2
30,5.0,1
28,4.0,1
30,4.0,1
25,5.0,1
27,6.0,0
26,4.0,1
27,4.0,1
24,5.0,1
27,5.0,1
26,7.0,0
26,5.0,1
29,5.0,1
27,6.0,0
27,5.0,1
26,7.0,0
28,5.0,1
26,5.0,1
29,5.0,1
26,5.0,1
27,5.0,1
27,5.0,1
25,5.0,1
28,5.0,1
26,5.0,1
26,5.0,1
26,5.0,1
29,5.0,1
29,5.0,1
25,5.0,1
27,4.0,1
24,4.0,1
28,4.0,1
26,5.0,1
25,6.0,0
25,5.0,1
29,5.0,1
29,4.0,1
28,5.0,1
24,4.0,1
29,7.0,0
23,7.0,0
27,6.0,0
32,6.0,0
36,9.0,0
26,7.0,0
29,5.0,1
24,8.0,0
36,9.0,0
37,9.0,0
34,7.0,0
30,7.0,0
29,8.0,0
33,9.0,0
28,8.0,0
30,8.0,0
34,9.0,0
39,11.0,0
27,10.0,0
28,4.0,1
34,5.0,2
31,6.0,0
27,6.0,0
28,6.0,0
30,5.0,1
28,5.0,1
28,6.0,0
29,6.0,0
27,6.0,0
26,6.0,0
30,6.0,0
29,6.0,0
28,6.0,0
28,3.0,1
31,7.0,0
31,4.0,1
33,6.0,2
32,6.0,0
31,6.0,0
33,6.0,2
31,6.0,0
28,5.0,1
36,5.0,2
28,5.0,1
32,7.0,0
30,5.0,1
33,5.0,2
37,4.0,2
34,4.0,2
40,4.0,2
29,5.0,1
33,5.0,2
30,5.0,1
38,5.0,2
27,5.0,1
29,5.0,1
35,6.0,2
32,5.0,2
37,4.0,2
29,6.0,0
29,5.0,1
33,5.0,2
25,5.0,1
31,5.0,1
30,5.0,1
32,5.0,2
28,5.0,1
28,5.0,1
30,5.0,1
36,6.0,2
33,6.0,2
28,6.0,0
27,8.0,0
26,6.0,0
28,7.0,0
29,6.0,0
24,5.0,1
26,6.0,0
31,7.0,0
22,4.0,1
28,6.0,0
23,5.0,1
27,6.0,0
24,6.0,0
33,5.0,2
34,5.0,2
32,5.0,2
32,5.0,2
32,5.0,2
34,5.0,2
33,5.0,2
35,5.0,2
32,5.0,2
31,5.0,1
38,5.0,2
33,5.0,2
36,5.0,2
28,7.0,0
24,7.0,0
28,7.0,0
27,8.0,0
29,7.0,0
28,7.0,0
29,6.0,0
27,7.0,0
27,7.0,0
29,7.0,0
28,6.0,0
28,8.0,0
27,8.0,0
25,6.0,0
25,5.0,1
29,7.0,0
26,5.0,1
27,7.0,0
27,6.0,0
25,7.0,0
27,6.0,0
28,7.0,0
27,6.0,0
28,7.0,0
27,6.0,0
35,5.0,2
33,5.0,2
43,4.0,2
38,5.0,2
40,4.0,2
31,4.0,1
45,4.0,2
35,4.0,2
40,5.0,2
33,5.0,2
54,4.0,2
32,6.0,0
33,5.0,2
28,4.0,1
27,6.0,0
37,8.0,2
32,6.0,0
28,4.0,1
35,6.0,2
29,6.0,0
34,5.0,2
33,5.0,2
29,5.0,1
33,6.0,2
28,5.0,1
26,5.0,1
32,4.0,1
31,4.0,1
29,5.0,1
29,6.0,0
33,6.0,2
24,6.0,0
27,5.0,1
28,5.0,1
26,5.0,1
35,6.0,2
26,7.0,0
25,5.0,1
25,4.0,1
26,4.0,1
24,4.0,1
26,5.0,1
29,5.0,1
27,6.0,0
26,5.0,1
23,5.0,1
27,5.0,1
22,5.0,1
25,5.0,1
25,5.0,1
26,6.0,0
26,6.0,0
27,5.0,1
27,5.0,1
24,6.0,0
25,5.0,1
27,4.0,1
26,5.0,1
26,5.0,1
29,4.0,1
26,5.0,1
25,4.0,1
25,5.0,1
23,4.0,1
26,4.0,1
26,5.0,1
29,5.0,1
25,6.0,0
24,5.0,1
27,5.0,1
29,7.0,0
37,7.0,2
32,6.0,0
32,7.0,0
30,7.0,0
29,6.0,0
30,6.0,0
32,6.0,0
31,7.0,0
30,6.0,0
35,6.0,2
38,5.0,2
38,4.0,2
42,4.0,2
37,3.0,2
30,3.0,1
38,4.0,2
32,5.0,2
33,4.0,2
32,5.0,2
30,5.0,1
26,5.0,1
30,5.0,1
29,5.0,1
32,5.0,2
31,4.0,1
34,5.0,2
29,5.0,1
32,5.0,2
35,6.0,2
37,6.0,2
33,6.0,2
39,5.0,2
28,5.0,1
31,5.0,1
27,6.0,0
31,5.0,1
27,5.0,1
30,5.0,1
28,5.0,1
28,5.0,1
28,5.0,1
27,7.0,0
26,5.0,1
20,5.0,1
28,6.0,0
30,6.0,0
28,8.0,0
25,7.0,0
30,7.0,0
23,7.0,0
30,7.0,0
32,6.0,0
26,7.0,0
34,8.0,0
30,7.0,0
28,5.0,1
29,5.0,1
24,6.0,0
26,7.0,0
24,6.0,0
25,5.0,1
29,6.0,0
25,5.0,1
42,5.0,2
41,5.0,2
33,5.0,2
24,5.0,1
37,5.0,2
40,5.0,2
34,5.0,2
33,5.0,2
31,5.0,1
33,6.0,2
34,6.0,2
38,6.0,2
38,6.0,2
42,5.0,2
43,5.0,2
31,5.0,1
33,5.0,2
40,5.0,2
32,5.0,2
40,6.0,2
35,5.0,2
29,5.0,1
32,5.0,2
30,7.0,0
32,4.0,1
31,5.0,1
31,5.0,1
30,6.0,0
30,5.0,1
31,5.0,1
35,5.0,2
30,4.0,1
38,4.0,2
30,4.0,1
29,5.0,1
31,5.0,1
31,4.0,1
32,4.0,1
27,4.0,1
37,5.0,2
30,4.0,1
28,3.0,1
30,5.0,1
30,4.0,1
31,5.0,1
33,5.0,2
31,3.0,1
26,4.0,1
28,4.0,1
26,5.0,1
28,5.0,1
29,6.0,0
29,5.0,1
27,4.0,1
28,5.0,1
26,4.0,1
29,4.0,1
28,6.0,0
27,4.0,1
30,5.0,1
29,4.0,1
27,4.0,1
27,4.0,1
28,4.0,1
28,3.0,1
28,2.0,1
27,3.0,1
28,4.0,1
28,4.0,1
28,4.0,1
30,6.0,0
30,6.0,0
41,6.0,2
29,6.0,0
33,7.0,0
27,6.0,0
29,6.0,0
31,6.0,0
31,6.0,0
33,6.0,2
31,7.0,0
32,6.0,0
30,5.0,1
26,6.0,0
26,2.0,1
25,2.0,1
26,2.0,1
25,2.0,1
25,2.0,1
24,2.0,1
24,3.0,1
23,2.0,1
28,2.0,1
27,3.0,1
25,2.0,1
24,2.0,1
26,2.0,1
26,5.0,1
27,3.0,1
28,6.0,0
29,6.0,0
26,6.0,0
26,6.0,0
26,7.0,0
25,7.0,0
26,5.0,1
26,6.0,0
26,7.0,0
26,6.0,0
28,6.0,0
27,7.0,0
28,6.0,0
27,6.0,0
36,5.0,2
28,5.0,1
31,5.0,1
33,5.0,2
30,5.0,1
30,5.0,1
33,5.0,2
29,5.0,1
30,4.0,1
28,5.0,1
36,6.0,2
28,6.0,0
30,6.0,0
27,5.0,1
30,5.0,1
30,5.0,1
32,4.0,1
32,5.0,2
29,6.0,0
35,5.0,2
32,5.0,2
32,5.0,2
31,6.0,0
28,6.0,0
27,5.0,1
30,4.0,1
26,5.0,1
28,5.0,1
28,5.0,1
25,7.0,0
32,5.0,2
27,7.0,0
29,7.0,0
25,6.0,0
28,5.0,1
26,7.0,0
28,6.0,0
28,7.0,0
28,6.0,0
26,6.0,0
28,6.0,0
27,5.0,1
25,6.0,0
31,7.0,0
25,5.0,1
26,6.0,0
27,7.0,0
28,7.0,0
25,6.0,0
27,6.0,0
25,5.0,1
27,6.0,0
26,5.0,1
30,6.0,0
36,4.0,2
29,5.0,1
32,3.0,1
32,5.0,2
30,4.0,1
37,4.0,2
30,3.0,1
29,4.0,1
32,3.0,1
31,4.0,1
29,4.0,1
30,5.0,1
28,4.0,1
28,4.0,1
31,2.0,1
31,5.0,1
29,4.0,1
30,5.0,1
31,4.0,1
35,5.0,2
34,4.0,2
32,4.0,1
38,3.0,2
33,5.0,2
26,5.0,1
26,6.0,0
26,5.0,1
28,5.0,1
25,9.0,0
27,7.0,0
27,8.0,0
25,7.0,0
26,7.0,0
25,6.0,0
24,5.0,1
25,6.0,0
26,5.0,1
26,4.0,1
27,4.0,1
26,4.0,1
28,5.0,1
27,4.0,1
24,4.0,1
25,4.0,1
27,3.0,1
26,4.0,1
27,3.0,1
26,6.0,0
31,6.0,0
30,6.0,0
24,6.0,0
29,3.0,1
29,5.0,1
27,6.0,0
31,6.0,0
23,5.0,1
29,6.0,0
30,7.0,0
29,7.0,0
27,6.0,0
27,6.0,0
28,5.0,1
25,3.0,1
26,5.0,1
29,5.0,1
29,6.0,0
31,7.0,0
27,3.0,1
29,4.0,1
27,4.0,1
28,3.0,1
33,4.0,2
28,4.0,1
27,5.0,1
27,5.0,1
29,5.0,1
29,6.0,0
27,6.0,0
35,8.0,0
34,6.0,2
28,6.0,0
30,6.0,0
36,7.0,2
28,8.0,0
32,7.0,0
30,8.0,0
32,5.0,2
27,5.0,1
30,7.0,0
34,6.0,2
42,5.0,2
30,6.0,0
38,6.0,2
32,5.0,2
32,5.0,2
30,9.0,0
35,5.0,2
36,5.0,2
30,9.0,0
29,9.0,0
28,5.0,1
31,5.0,1
28,5.0,1
29,6.0,0
30,5.0,1
28,5.0,1
28,5.0,1
31,5.0,1
29,5.0,1
29,6.0,0
30,5.0,1
29,5.0,1
30,5.0,1
28,5.0,1
28,5.0,1
29,5.0,1
24,4.0,1
26,6.0,0
26,6.0,0
27,6.0,0
26,7.0,0
26,7.0,0
28,5.0,1
27,6.0,0
28,5.0,1
27,5.0,1
30,5.0,1
38,7.0,2
40,7.0,2
27,7.0,0
30,5.0,1
30,4.0,1
29,5.0,1
28,5.0,1
27,4.0,1
26,5.0,1
26,5.0,1
25,5.0,1
25,4.0,1
28,4.0,1
27,4.0,1
28,5.0,1
27,4.0,1
26,4.0,1
28,4.0,1
28,4.0,1
38,6.0,2
32,5.0,2
38,5.0,2
38,8.0,2
39,5.0,2
38,5.0,2
31,5.0,1
35,5.0,2
35,5.0,2
32,5.0,2
38,4.0,2
42,4.0,2
27,6.0,0
29,4.0,1
25,4.0,1
26,5.0,1
25,6.0,0
26,6.0,0
27,6.0,0
25,6.0,0
27,6.0,0
26,8.0,0
25,6.0,0
26,6.0,0
26,6.0,0
24,5.0,1
25,6.0,0
25,6.0,0
27,6.0,0
24,6.0,0
25,6.0,0
29,7.0,0
39,6.0,2
23,6.0,0
30,5.0,1
34,7.0,0
32,4.0,1
25,5.0,1
28,5.0,1
25,4.0,1
25,4.0,1
27,4.0,1
27,4.0,1
26,4.0,1
26,4.0,1
25,3.0,1
25,3.0,1
27,4.0,1
26,4.0,1
27,3.0,1
26,4.0,1
27,4.0,1
29,4.0,1
33,5.0,2
34,5.0,2
30,4.0,1
32,5.0,2
31,5.0,1
36,5.0,2
21,6.0,0
35,5.0,2
28,6.0,0
28,5.0,1
26,5.0,1
25,4.0,1
26,5.0,1
37,5.0,2
28,5.0,1
28,5.0,1
31,5.0,1
31,6.0,0
30,5.0,1
30,5.0,1
30,9.0,0
28,9.0,0
31,8.0,0
32,7.0,0
26,7.0,0
30,7.0,0
26,6.0,0
28,7.0,0
21,7.0,0
39,8.0,2
29,7.0,0
29,8.0,0
33,7.0,0
27,5.0,1
33,15.0,0
42,9.0,2
24,5.0,1
30,4.0,1
34,5.0,2
35,6.0,2
32,6.0,0
30,6.0,0
33,4.0,2
40,3.0,2
29,4.0,1
29,4.0,1
28,3.0,1
28,6.0,0
34,4.0,2
32,5.0,2
29,4.0,1
28,5.0,1
34,6.0,2
33,6.0,2
31,6.0,0
30,5.0,1
33,4.0,2
34,4.0,2
30,4.0,1
32,5.0,2
30,5.0,1
32,5.0,2
32,10.0,0
31,5.0,1
30,5.0,1
30,4.0,1
30,5.0,1
32,6.0,0
29,5.0,1
33,5.0,2
31,5.0,1
33,5.0,2
32,5.0,2
30,5.0,1
35,8.0,0
33,7.0,0
32,7.0,0
32,6.0,0
36,5.0,2
31,6.0,0
42,7.0,2
34,7.0,0
35,8.0,0
40,6.0,2
28,6.0,0
35,7.0,2
31,6.0,0
30,6.0,0
28,6.0,0
29,6.0,0
29,5.0,1
28,6.0,0
27,6.0,0
29,6.0,0
28,5.0,1
26,5.0,1
27,5.0,1
28,5.0,1
28,5.0,1
28,5.0,1
28,5.0,1
28,5.0,1
31,4.0,1
28,4.0,1
31,4.0,1
28,4.0,1
29,6.0,0
26,3.0,1
28,5.0,1
27,6.0,0
26,6.0,0
25,5.0,1
34,5.0,2
30,7.0,0
35,6.0,2
28,3.0,1
30,5.0,1
33,6.0,2
27,6.0,0
28,3.0,1
30,5.0,1
34,5.0,2
33,4.0,2
32,4.0,1
31,8.0,0
32,6.0,0
31,7.0,0
32,7.0,0
32,6.0,0
30,10.0,0
28,8.0,0
33,7.0,0
32,7.0,0
27,6.0,0
33,6.0,2
31,7.0,0
31,8.0,0
31,6.0,0
31,6.0,0
30,5.0,1
32,9.0,0
31,4.0,1
31,7.0,0
32,4.0,1
30,8.0,0
30,6.0,0
27,7.0,0
34,2.0,1
32,2.0,1
29,5.0,1
33,5.0,2
33,6.0,2
26,5.0,1
31,4.0,1
33,5.0,2
26,8.0,0
24,6.0,0
28,6.0,0
26,5.0,1
28,7.0,0
28,5.0,1
25,5.0,1
27,5.0,1
29,6.0,0
26,6.0,0
27,6.0,0
23,6.0,0
26,6.0,0
27,6.0,0
27,5.0,1
27,5.0,1
26,5.0,1
27,4.0,1
26,5.0,1
26,5.0,1
27,6.0,0
28,5.0,1
26,4.0,1
28,5.0,1
28,5.0,1
28,7.0,0
28,6.0,0
28,7.0,0
30,7.0,0
33,7.0,0
33,5.0,2
32,8.0,0
30,7.0,0
34,5.0,2
32,8.0,0
29,6.0,0
30,7.0,0
26,7.0,0
37,5.0,2
32,5.0,2
36,6.0,2
29,6.0,0
38,5.0,2
34,5.0,2
31,5.0,1
28,5.0,1
29,6.0,0
32,5.0,2
32,5.0,2
33,7.0,0
31,6.0,0
32,6.0,0
37,6.0,2
30,6.0,0
32,4.0,1
37,6.0,2
29,5.0,1
28,4.0,1
29,4.0,1
30,5.0,1
28,4.0,1
24,4.0,1
28,5.0,1
25,4.0,1
27,4.0,1
29,4.0,1
28,5.0,1
26,5.0,1
29,5.0,1
28,5.0,1
27,5.0,1
27,5.0,1
27,5.0,1
26,4.0,1
26,5.0,1
27,4.0,1
27,5.0,1
29,5.0,1
27,5.0,1
27,4.0,1
26,4.0,1
26,5.0,1
27,5.0,1
27,4.0,1
27,4.0,1
28,3.0,1
28,4.0,1
27,4.0,1
24,3.0,1
29,5.0,1
24,5.0,1
27,5.0,1
26,4.0,1
27,5.0,1
31,5.0,1
28,6.0,0
27,7.0,0
26,4.0,1
27,6.0,0
31,6.0,0
27,5.0,1
26,4.0,1
27,4.0,1
40,4.0,2
28,3.0,1
30,6.0,0
27,6.0,0
29,6.0,0
32,6.0,0
28,4.0,1
26,5.0,1
31,6.0,0
29,6.0,0
25,5.0,1
28,5.0,1
26,7.0,0
31,6.0,0
29,6.0,0
29,6.0,0
31,5.0,1
27,5.0,1
37,4.0,2
40,4.0,2
39,4.0,2
30,4.0,1
29,4.0,1
35,4.0,2
29,4.0,1
33,4.0,2
32,4.0,1
29,3.0,1
31,4.0,1
32,4.0,1
33,5.0,2
32,6.0,0
32,5.0,2
28,6.0,0
32,5.0,2
35,5.0,2
30,6.0,0
30,6.0,0
31,6.0,0
29,5.0,1
27,6.0,0
27,6.0,0
34,9.0,0
29,7.0,0
35,9.0,0
28,7.0,0
44,9.0,2
29,7.0,0
29,5.0,1
48,8.0,2
34,9.0,0
26,7.0,0
28,6.0,0
26,5.0,1
25,5.0,1
25,6.0,0
27,5.0,1
21,5.0,1
24,5.0,1
29,5.0,1
25,5.0,1
24,5.0,1
26,5.0,1
33,5.0,2
18,5.0,1
27,6.0,0
26,5.0,1
25,5.0,1
26,6.0,0
28,6.0,0
28,5.0,1
30,6.0,0
26,4.0,1
32,6.0,0
31,7.0,0
29,8.0,0
37,7.0,2
30,7.0,0
33,6.0,2
28,7.0,0
34,7.0,0
29,7.0,0
33,8.0,0
32,6.0,0
33,5.0,2
28,7.0,0
30,7.0,0
28,6.0,0
28,8.0,0
32,9.0,0
30,7.0,0
28,6.0,0
26,6.0,0
32,9.0,0
30,8.0,0
31,6.0,0
31,6.0,0
27,6.0,0
29,5.0,1
26,4.0,1
28,6.0,0
29,5.0,1
29,5.0,1
29,4.0,1
29,5.0,1
28,5.0,1
29,5.0,1
28,5.0,1
29,4.0,1
28,5.0,1
27,4.0,1
24,5.0,1
29,5.0,1
26,4.0,1
25,5.0,1
31,5.0,1
25,5.0,1
26,4.0,1
27,5.0,1
26,5.0,1
26,5.0,1
24,5.0,1
26,4.0,1
29,6.0,0
25,4.0,1
26,4.0,1
27,5.0,1
26,7.0,0
25,6.0,0
27,6.0,0
25,6.0,0
26,5.0,1
27,5.0,1
25,5.0,1
26,5.0,1
23,5.0,1
25,5.0,1
26,5.0,1
25,4.0,1
25,6.0,0
25,5.0,1
32,5.0,2
37,5.0,2
30,5.0,1
35,5.0,2
29,5.0,1
25,6.0,0
26,6.0,0
26,6.0,0
28,6.0,0
29,6.0,0
28,6.0,0
27,6.0,0
28,6.0,0
27,7.0,0
30,6.0,0
27,6.0,0
28,6.0,0
26,6.0,0
28,6.0,0
35,6.0,2
29,5.0,1
31,6.0,0
30,6.0,0
32,6.0,0
31,6.0,0
32,6.0,0
32,6.0,0
33,5.0,2
36,4.0,2
32,5.0,2
32,5.0,2
37,5.0,2
38,6.0,2
32,5.0,2
31,6.0,0
38,5.0,2
33,5.0,2
35,5.0,2
32,5.0,2
36,5.0,2
45,5.0,2
42,5.0,2
49,5.0,2
34,5.0,2
34,6.0,2
32,6.0,0
35,5.0,2
29,4.0,1
36,5.0,2
29,5.0,1
34,5.0,2
29,5.0,1
27,5.0,1
35,5.0,2
38,5.0,2
28,6.0,0
30,5.0,1
31,4.0,1
27,5.0,1
33,5.0,2
28,4.0,1
29,4.0,1
27,5.0,1
28,4.0,1
29,4.0,1
27,5.0,1
35,5.0,2
28,4.0,1
31,5.0,1
36,5.0,2
29,5.0,1
33,4.0,2
26,5.0,1
28,4.0,1
28,4.0,1
29,4.0,1
26,6.0,0
30,6.0,0
23,7.0,0
19,2.0,1
32,5.0,2
37,6.0,2
36,7.0,2
51,6.0,2
30,6.0,0
26,4.0,1
43,5.0,2
36,6.0,2
35,7.0,2
35,6.0,2
34,5.0,2
32,6.0,0
29,5.0,1
31,5.0,1
32,5.0,2
30,5.0,1
31,6.0,0
28,5.0,1
36,6.0,2
30,5.0,1
32,5.0,2
35,5.0,2
28,5.0,1
31,5.0,1
35,5.0,2
28,5.0,1
32,6.0,0
29,5.0,1
30,5.0,1
30,5.0,1
30,5.0,1
23,5.0,1
28,5.0,1
29,6.0,0
32,5.0,2
29,5.0,1
29,5.0,1
30,5.0,1
28,5.0,1
29,5.0,1
31,5.0,1
30,5.0,1
28,6.0,0
28,6.0,0
29,6.0,0
30,7.0,0
30,9.0,0
32,7.0,0
29,8.0,0
28,6.0,0
28,5.0,1
40,6.0,2
